<?xml version="1.0"?>
<image xmlns="http://www.vips.ecs.soton.ac.uk//dzsave" date="2025-10-04T23:19:53.820148+01" version="8.17.2">
  <properties>
    <property>
      <name>width</name>
      <value type="gint">13897</value>
    </property>
    <property>
      <name>height</name>
      <value type="gint">8085</value>
    </property>
    <property>
      <name>bands</name>
      <value type="gint">3</value>
    </property>
    <property>
      <name>xoffset</name>
      <value type="gint">0</value>
    </property>
    <property>
      <name>yoffset</name>
      <value type="gint">0</value>
    </property>
    <property>
      <name>xres</name>
      <value type="gdouble">2.835</value>
    </property>
    <property>
      <name>yres</name>
      <value type="gdouble">2.835</value>
    </property>
    <property>
      <name>vips-loader</name>
      <value type="VipsRefString">pngload</value>
    </property>
    <property>
      <name>bits-per-sample</name>
      <value type="gint">16</value>
    </property>
    <property>
      <name>vips-sequential</name>
      <value type="gint">1</value>
    </property>
    <property>
      <name>loop</name>
      <value type="gint">1</value>
    </property>
  </properties>
</image>
