<?xml version="1.0"?>
<image xmlns="http://www.vips.ecs.soton.ac.uk//dzsave" date="2025-10-04T13:56:30.425522+01" version="8.15.1">
  <properties>
    <property>
      <name>width</name>
      <value type="gint">14339</value>
    </property>
    <property>
      <name>height</name>
      <value type="gint">8582</value>
    </property>
    <property>
      <name>bands</name>
      <value type="gint">3</value>
    </property>
    <property>
      <name>xoffset</name>
      <value type="gint">0</value>
    </property>
    <property>
      <name>yoffset</name>
      <value type="gint">0</value>
    </property>
    <property>
      <name>xres</name>
      <value type="gdouble">11.811023712158203</value>
    </property>
    <property>
      <name>yres</name>
      <value type="gdouble">11.811023712158203</value>
    </property>
    <property>
      <name>vips-loader</name>
      <value type="VipsRefString">tiffload</value>
    </property>
    <property>
      <name>n-pages</name>
      <value type="gint">1</value>
    </property>
    <property>
      <name>resolution-unit</name>
      <value type="VipsRefString">in</value>
    </property>
    <property>
      <name>bits-per-sample</name>
      <value type="gint">8</value>
    </property>
    <property>
      <name>orientation</name>
      <value type="gint">1</value>
    </property>
    <property>
      <name>vips-sequential</name>
      <value type="gint">1</value>
    </property>
  </properties>
</image>
